,Turbine_exit_pressure_bar,Turbine_exit_temperature_C,Ship_speed_knots,output_power
2,1.66,661.0,12.0,2386.039620401448
3,2.08,731.0,15.0,4342.937684322529
4,2.96,855.0,21.0,10945.308805106837
5,1.1,464.0,,54.11916944584017
6,1.33,636.0,6.0,999.9584696621191
7,1.66,661.0,12.0,2386.039620401448
8,2.08,730.0,,
